-- Insert Artists
INSERT INTO artists (id, wallet_address, username, display_name, bio, avatar_url, banner_url, website_url, twitter_handle, instagram_handle, verified, total_sales, total_artworks) VALUES
('550e8400-e29b-41d4-a716-446655440001', '0x1234567890123456789012345678901234567890', 'flowmaster', 'FlowMaster', 'Pioneer of spiral flow art, creating mesmerizing mathematical visualizations that bridge the gap between code and canvas.', '/placeholder.svg?height=100&width=100&text=FM', '/placeholder.svg?height=400&width=800&text=FlowMaster+Banner', 'https://flowmaster.art', '@flowmaster_art', 'flowmaster_art', true, 25.7, 18),
('550e8400-e29b-41d4-a716-446655440002', '0x2345678901234567890123456789012345678901', 'pixelartist', 'PixelArtist', 'Digital grid specialist crafting perfect geometric patterns with mathematical precision and artistic vision.', '/placeholder.svg?height=100&width=100&text=PA', '/placeholder.svg?height=400&width=800&text=PixelArtist+Banner', 'https://pixelartist.io', '@pixel_artist', 'pixel_artist_official', true, 18.3, 14),
('550e8400-e29b-41d4-a716-446655440003', '0x3456789012345678901234567890123456789012', 'celestialcreator', 'CelestialCreator', 'Cosmic phenomena artist exploring the intersection of astronomy and generative art through flow dynamics.', '/placeholder.svg?height=100&width=100&text=CC', '/placeholder.svg?height=400&width=800&text=Celestial+Banner', 'https://celestialcreator.space', '@celestial_creator', 'celestialcreator', true, 22.1, 12),
('550e8400-e29b-41d4-a716-446655440004', '0x4567890123456789012345678901234567890123', 'mathartist', 'MathArtist', 'Probability visualization expert transforming statistical concepts into beautiful, flowing artistic expressions.', '/placeholder.svg?height=100&width=100&text=MA', '/placeholder.svg?height=400&width=800&text=Math+Art+Banner', 'https://mathartist.com', '@math_artist', 'mathartist', false, 14.2, 10),
('550e8400-e29b-41d4-a716-446655440005', '0x5678901234567890123456789012345678901234', 'gridmaster', 'GridMaster', 'Minimalist perfectionist creating structured harmony through precise grid-based flow art compositions.', '/placeholder.svg?height=100&width=100&text=GM', '/placeholder.svg?height=400&width=800&text=Grid+Master+Banner', 'https://gridmaster.design', '@grid_master', 'gridmaster_art', false, 8.8, 8),
('550e8400-e29b-41d4-a716-446655440006', '0x6789012345678901234567890123456789012345', 'abstractflow', 'AbstractFlow', 'Experimental hybrid artist pushing the boundaries of generative art through innovative flow dynamics and AI collaboration.', '/placeholder.svg?height=100&width=100&text=AF', '/placeholder.svg?height=400&width=800&text=Abstract+Flow+Banner', 'https://abstractflow.art', '@abstract_flow', 'abstractflow_art', true, 31.5, 22);

-- Insert Users/Collectors
INSERT INTO users (id, wallet_address, username, display_name, bio, avatar_url) VALUES
('660e8400-e29b-41d4-a716-446655440001', '0xa123456789012345678901234567890123456789', 'artcollector1', 'Digital Art Enthusiast', 'Passionate collector of generative and flow art. Building a curated collection of mathematical beauty.', '/placeholder.svg?height=80&width=80&text=C1'),
('660e8400-e29b-41d4-a716-446655440002', '0xb234567890123456789012345678901234567890', 'cryptoartfan', 'CryptoArt Fan', 'Early adopter of digital art and NFTs. Love supporting emerging artists in the generative space.', '/placeholder.svg?height=80&width=80&text=C2'),
('660e8400-e29b-41d4-a716-446655440003', '0xc345678901234567890123456789012345678901', 'flowenthusiast', 'Flow Enthusiast', 'Fascinated by the intersection of mathematics and art. Collector of flow-based generative pieces.', '/placeholder.svg?height=80&width=80&text=C3'),
('660e8400-e29b-41d4-a716-446655440004', '0xd456789012345678901234567890123456789012', 'mathartlover', 'Math Art Lover', 'Mathematics professor with a passion for algorithmic art. Collecting pieces that showcase mathematical beauty.', '/placeholder.svg?height=80&width=80&text=C4'),
('660e8400-e29b-41d4-a716-446655440005', '0xe567890123456789012345678901234567890123', 'generativeart', 'Generative Art Collector', 'Dedicated collector focusing on procedural and generative art. Building a comprehensive digital gallery.', '/placeholder.svg?height=80&width=80&text=C5');

-- Insert Collections
INSERT INTO collections (id, artist_id, name, description, banner_url, slug, is_featured) VALUES
('770e8400-e29b-41d4-a716-446655440001', '550e8400-e29b-41d4-a716-446655440001', 'Cosmic Spirals', 'A mesmerizing collection of spiral flow art inspired by cosmic phenomena and mathematical beauty.', '/placeholder.svg?height=300&width=600&text=Cosmic+Spirals', 'cosmic-spirals', true),
('770e8400-e29b-41d4-a716-446655440002', '550e8400-e29b-41d4-a716-446655440002', 'Digital Grids', 'Perfect geometric patterns showcasing the beauty of structured digital art and mathematical precision.', '/placeholder.svg?height=300&width=600&text=Digital+Grids', 'digital-grids', true),
('770e8400-e29b-41d4-a716-446655440003', '550e8400-e29b-41d4-a716-446655440003', 'Lunar Series', 'Celestial-inspired flow art capturing the ethereal beauty of lunar phases and cosmic movements.', '/placeholder.svg?height=300&width=600&text=Lunar+Series', 'lunar-series', true),
('770e8400-e29b-41d4-a716-446655440004', '550e8400-e29b-41d4-a716-446655440004', 'Probability Clouds', 'Statistical visualizations transformed into flowing artistic expressions of mathematical concepts.', '/placeholder.svg?height=300&width=600&text=Probability+Clouds', 'probability-clouds', false),
('770e8400-e29b-41d4-a716-446655440005', '550e8400-e29b-41d4-a716-446655440006', 'Hybrid Dimensions', 'Experimental pieces exploring the fusion of AI and traditional flow art techniques.', '/placeholder.svg?height=300&width=600&text=Hybrid+Dimensions', 'hybrid-dimensions', true);

-- Insert Artworks
INSERT INTO artworks (id, artist_id, collection_id, title, description, image_url, image_ipfs_hash, metadata_url, metadata_ipfs_hash, dataset, color_scheme, seed, num_samples, noise, generation_mode, price, currency, status, rarity, edition, views, likes, token_id, contract_address, blockchain, minted_at, listed_at) VALUES
-- Legendary Artworks
('880e8400-e29b-41d4-a716-446655440001', '550e8400-e29b-41d4-a716-446655440001', '770e8400-e29b-41d4-a716-446655440001', 'Golden Spiral Infinity', 'A masterpiece of mathematical beauty, this golden spiral flows infinitely through dimensions of color and light, representing the perfect harmony between chaos and order.', '/placeholder.svg?height=800&width=800&text=Golden+Spiral', 'QmX1Y2Z3A4B5C6D7E8F9G0H1I2J3K4L5M6N7O8P9Q0R1S2T3U4V5W6X7Y8Z9', 'https://ipfs.io/ipfs/QmMetadata1', 'QmMeta1Y2Z3A4B5C6D7E8F9G0H1I2J3K4L5M6N7O8P9Q0R1S2T3U4V5W6X7Y8Z9', 'spiral', 'golden', 12345, 10000, 0.15, 'ai', 7.77, 'ETH', 'available', 'Legendary', '1/1', 8901, 678, '1001', '0x1a2b3c4d5e6f7890123456789abcdef12345678', 'ethereum', '2024-01-15 10:30:00+00', '2024-01-15 12:00:00+00'),
('880e8400-e29b-41d4-a716-446655440002', '550e8400-e29b-41d4-a716-446655440003', '770e8400-e29b-41d4-a716-446655440003', 'Eclipse Phenomenon', 'Capturing the rare celestial dance of solar eclipse through flowing patterns that mirror the cosmic alignment of celestial bodies.', '/placeholder.svg?height=800&width=800&text=Eclipse+Art', 'QmE1C2L3I4P5S6E7P8H9E0N1O2M3E4N5O6N7E8C9L0I1P2S3E4P5H6E7N8O9M0', 'https://ipfs.io/ipfs/QmMetadata2', 'QmMeta2C2L3I4P5S6E7P8H9E0N1O2M3E4N5O6N7E8C9L0I1P2S3E4P5H6E7N8O9M0', 'lunar', 'eclipse', 54321, 8500, 0.12, 'ai', 5.25, 'ETH', 'available', 'Legendary', '1/1', 6789, 567, '1002', '0x2b3c4d5e6f7890123456789abcdef123456789a', 'ethereum', '2024-01-20 14:15:00+00', '2024-01-20 16:00:00+00'),
('880e8400-e29b-41d4-a716-446655440003', '550e8400-e29b-41d4-a716-446655440006', '770e8400-e29b-41d4-a716-446655440005', 'Dimensional Fusion', 'An experimental fusion of AI and traditional flow techniques, creating a multi-dimensional artwork that exists between realities.', '/placeholder.svg?height=800&width=800&text=Dimensional+Art', 'QmD1I2M3E4N5S6I7O8N9A0L1F2U3S4I5O6N7D8I9M0E1N2S3I4O5N6A7L8F9U0', 'https://ipfs.io/ipfs/QmMetadata3', 'QmMeta3I2M3E4N5S6I7O8N9A0L1F2U3S4I5O6N7D8I9M0E1N2S3I4O5N6A7L8F9U0', 'hybrid', 'prismatic', 98765, 12000, 0.08, 'ai', 3.50, 'ETH', 'available', 'Legendary', '1/1', 5432, 445, '1003', '0x3c4d5e6f7890123456789abcdef123456789ab', 'ethereum', '2024-02-01 09:45:00+00', '2024-02-01 11:30:00+00'),

-- Epic Artworks
('880e8400-e29b-41d4-a716-446655440004', '550e8400-e29b-41d4-a716-446655440002', '770e8400-e29b-41d4-a716-446655440002', 'Digital Grid Symphony', 'A harmonious composition of geometric perfection, where each grid cell resonates with mathematical precision and digital beauty.', '/placeholder.svg?height=600&width=600&text=Grid+Symphony', 'QmG1R2I3D4S5Y6M7P8H9O0N1Y2G3R4I5D6S7Y8M9P0H1O2N3Y4G5R6I7D8S9Y0', 'https://ipfs.io/ipfs/QmMetadata4', 'QmMeta4R2I3D4S5Y6M7P8H9O0N1Y2G3R4I5D6S7Y8M9P0H1O2N3Y4G5R6I7D8S9Y0', 'grid', 'neon', 11111, 7500, 0.10, 'svg', 2.90, 'ETH', 'available', 'Epic', '1/1', 4321, 334, '1004', '0x4d5e6f7890123456789abcdef123456789abc', 'ethereum', '2024-01-25 13:20:00+00', '2024-01-25 15:00:00+00'),
('880e8400-e29b-41d4-a716-446655440005', '550e8400-e29b-41d4-a716-446655440006', '770e8400-e29b-41d4-a716-446655440005', 'Binary Dreams', 'Where code meets consciousness, this piece explores the dreams of artificial intelligence through flowing binary patterns.', '/placeholder.svg?height=600&width=600&text=Binary+Dreams', 'QmB1I2N3A4R5Y6D7R8E9A0M1S2B3I4N5A6R7Y8D9R0E1A2M3S4B5I6N7A8R9Y0', 'https://ipfs.io/ipfs/QmMetadata5', 'QmMeta5I2N3A4R5Y6D7R8E9A0M1S2B3I4N5A6R7Y8D9R0E1A2M3S4B5I6N7A8R9Y0', 'hybrid', 'binary', 22222, 9000, 0.07, 'ai', 2.75, 'ETH', 'available', 'Epic', '1/1', 3210, 289, '1005', '0x5e6f7890123456789abcdef123456789abcd', 'ethereum', '2024-02-05 11:10:00+00', '2024-02-05 13:45:00+00'),
('880e8400-e29b-41d4-a716-446655440006', '550e8400-e29b-41d4-a716-446655440001', '770e8400-e29b-41d4-a716-446655440001', 'Cosmic Vortex', 'A swirling vortex of cosmic energy, drawing viewers into the infinite depths of space and mathematical beauty.', '/placeholder.svg?height=600&width=600&text=Cosmic+Vortex', 'QmC1O2S3M4I5C6V7O8R9T0E1X2C3O4S5M6I7C8V9O0R1T2E3X4C5O6S7M8I9C0', 'https://ipfs.io/ipfs/QmMetadata6', 'QmMeta6O2S3M4I5C6V7O8R9T0E1X2C3O4S5M6I7C8V9O0R1T2E3X4C5O6S7M8I9C0', 'spiral', 'cosmic', 33333, 8000, 0.13, 'ai', 2.45, 'ETH', 'available', 'Epic', '1/1', 2987, 245, '1006', '0x6f7890123456789abcdef123456789abcde', 'ethereum', '2024-01-30 16:25:00+00', '2024-01-30 18:00:00+00'),
('880e8400-e29b-41d4-a716-446655440007', '550e8400-e29b-41d4-a716-446655440003', '770e8400-e29b-41d4-a716-446655440003', 'Celestial Arcs', 'Graceful arcs that mirror the paths of celestial bodies, creating a dance of light and shadow across the digital canvas.', '/placeholder.svg?height=600&width=600&text=Celestial+Arcs', 'QmC1E2L3E4S5T6I7A8L9A0R1C2S3C4E5L6E7S8T9I0A1L2A3R4C5S6C7E8L9E0', 'https://ipfs.io/ipfs/QmMetadata7', 'QmMeta7E2L3E4S5T6I7A8L9A0R1C2S3C4E5L6E7S8T9I0A1L2A3R4C5S6C7E8L9E0', 'lunar', 'celestial', 44444, 7000, 0.11, 'svg', 1.95, 'ETH', 'available', 'Epic', '1/1', 2654, 198, '1007', '0x7890123456789abcdef123456789abcdef', 'ethereum', '2024-02-10 08:30:00+00', '2024-02-10 10:15:00+00'),

-- Rare Artworks
('880e8400-e29b-41d4-a716-446655440008', '550e8400-e29b-41d4-a716-446655440001', '770e8400-e29b-41d4-a716-446655440001', 'Fibonacci Dreams', 'The golden ratio comes alive in this flowing interpretation of the Fibonacci sequence, where mathematics meets artistic vision.', '/placeholder.svg?height=500&width=500&text=Fibonacci', 'QmF1I2B3O4N5A6C7C8I9D0R1E2A3M4S5F6I7B8O9N0A1C2C3I4D5R6E7A8M9S0', 'https://ipfs.io/ipfs/QmMetadata8', 'QmMeta8I2B3O4N5A6C7C8I9D0R1E2A3M4S5F6I7B8O9N0A1C2C3I4D5R6E7A8M9S0', 'spiral', 'fibonacci', 55555, 6000, 0.09, 'svg', 1.89, 'ETH', 'available', 'Rare', '1/1', 2341, 167, '1008', '0x890123456789abcdef123456789abcdef1', 'ethereum', '2024-01-28 12:45:00+00', '2024-01-28 14:30:00+00'),
('880e8400-e29b-41d4-a716-446655440009', '550e8400-e29b-41d4-a716-446655440006', '770e8400-e29b-41d4-a716-446655440005', 'Flow State Alpha', 'The first in a series exploring consciousness through flow dynamics, representing the alpha state of creative meditation.', '/placeholder.svg?height=500&width=500&text=Flow+Alpha', 'QmF1L2O3W4S5T6A7T8E9A0L1P2H3A4F5L6O7W8S9T0A1T2E3A4L5P6H7A8F9L0', 'https://ipfs.io/ipfs/QmMetadata9', 'QmMeta9L2O3W4S5T6A7T8E9A0L1P2H3A4F5L6O7W8S9T0A1T2E3A4L5P6H7A8F9L0', 'hybrid', 'alpha', 66666, 5500, 0.06, 'ai', 1.88, 'ETH', 'available', 'Rare', '1/1', 1987, 145, '1009', '0x90123456789abcdef123456789abcdef12', 'ethereum', '2024-02-03 15:20:00+00', '2024-02-03 17:00:00+00'),
('880e8400-e29b-41d4-a716-446655440010', '550e8400-e29b-41d4-a716-446655440003', '770e8400-e29b-41d4-a716-446655440003', 'Lunar Phases', 'A complete lunar cycle captured in flowing form, showing the eternal dance between light and shadow.', '/placeholder.svg?height=500&width=500&text=Lunar+Phases', 'QmL1U2N3A4R5P6H7A8S9E0S1L2U3N4A5R6P7H8A9S0E1S2L3U4N5A6R7P8H9A0', 'https://ipfs.io/ipfs/QmMetadata10', 'QmMeta10U2N3A4R5P6H7A8S9E0S1L2U3N4A5R6P7H8A9S0E1S2L3U4N5A6R7P8H9A0', 'lunar', 'phases', 77777, 6500, 0.14, 'svg', 1.67, 'ETH', 'available', 'Rare', '1/1', 1765, 123, '1010', '0xa0123456789abcdef123456789abcdef123', 'ethereum', '2024-02-08 10:15:00+00', '2024-02-08 12:00:00+00'),
('880e8400-e29b-41d4-a716-446655440011', '550e8400-e29b-41d4-a716-446655440004', '770e8400-e29b-41d4-a716-446655440004', 'Probability Cloud', 'Statistical beauty visualized through flowing probability distributions, where chaos theory meets artistic expression.', '/placeholder.svg?height=500&width=500&text=Probability', 'QmP1R2O3B4A5B6I7L8I9T0Y1C2L3O4U5D6P7R8O9B0A1B2I3L4I5T6Y7C8L9O0', 'https://ipfs.io/ipfs/QmMetadata11', 'QmMeta11R2O3B4A5B6I7L8I9T0Y1C2L3O4U5D6P7R8O9B0A1B2I3L4I5T6Y7C8L9O0', 'probability', 'cloud', 88888, 5000, 0.16, 'svg', 1.45, 'ETH', 'available', 'Rare', '1/1', 1543, 98, '1011', '0xb0123456789abcdef123456789abcdef1234', 'ethereum', '2024-02-12 14:40:00+00', '2024-02-12 16:25:00+00'),
('880e8400-e29b-41d4-a716-446655440012', '550e8400-e29b-41d4-a716-446655440004', '770e8400-e29b-41d4-a716-446655440004', 'Statistical Beauty', 'The elegance of statistical distributions transformed into flowing art, revealing the hidden beauty in mathematical concepts.', '/placeholder.svg?height=500&width=500&text=Statistical', 'QmS1T2A3T4I5S6T7I8C9A0L1B2E3A4U5T6Y7S8T9A0T1I2S3T4I5C6A7L8B9E0', 'https://ipfs.io/ipfs/QmMetadata12', 'QmMeta12T2A3T4I5S6T7I8C9A0L1B2E3A4U5T6Y7S8T9A0T1I2S3T4I5C6A7L8B9E0', 'probability', 'statistical', 99999, 4500, 0.18, 'svg', 1.23, 'ETH', 'available', 'Rare', '1/1', 1321, 87, '1012', '0xc0123456789abcdef123456789abcdef12345', 'ethereum', '2024-02-15 11:55:00+00', '2024-02-15 13:40:00+00'),

-- Common Artworks
('880e8400-e29b-41d4-a716-446655440013', '550e8400-e29b-41d4-a716-446655440005', '770e8400-e29b-41d4-a716-446655440002', 'Perfect Order', 'Minimalist perfection in grid form, showcasing the beauty of structured harmony and mathematical precision.', '/placeholder.svg?height=400&width=400&text=Perfect+Order', 'QmP1E2R3F4E5C6T7O8R9D0E1R2P3E4R5F6E7C8T9O0R1D2E3R4P5E6R7F8E9C0', 'https://ipfs.io/ipfs/QmMetadata13', 'QmMeta13E2R3F4E5C6T7O8R9D0E1R2P3E4R5F6E7C8T9O0R1D2E3R4P5E6R7F8E9C0', 'grid', 'minimal', 10101, 4000, 0.05, 'svg', 1.12, 'ETH', 'available', 'Common', '1/1', 1198, 76, '1013', '0xd0123456789abcdef123456789abcdef123456', 'ethereum', '2024-02-18 09:30:00+00', '2024-02-18 11:15:00+00'),
('880e8400-e29b-41d4-a716-446655440014', '550e8400-e29b-41d4-a716-446655440002', '770e8400-e29b-41d4-a716-446655440002', 'Checkerboard Dreams', 'Classic checkerboard pattern reimagined through flow dynamics, creating movement within static geometry.', '/placeholder.svg?height=400&width=400&text=Checkerboard', 'QmC1H2E3C4K5E6R7B8O9A0R1D2D3R4E5A6M7S8C9H0E1C2K3E4R5B6O7A8R9D0', 'https://ipfs.io/ipfs/QmMetadata14', 'QmMeta14H2E3C4K5E6R7B8O9A0R1D2D3R4E5A6M7S8C9H0E1C2K3E4R5B6O7A8R9D0', 'grid', 'checkerboard', 20202, 3500, 0.04, 'svg', 1.05, 'ETH', 'available', 'Common', '1/1', 1076, 65, '1014', '0xe0123456789abcdef123456789abcdef1234567', 'ethereum', '2024-02-20 13:25:00+00', '2024-02-20 15:10:00+00'),
('880e8400-e29b-41d4-a716-446655440015', '550e8400-e29b-41d4-a716-446655440005', '770e8400-e29b-41d4-a716-446655440002', 'Structured Harmony', 'The perfect balance between structure and flow, demonstrating how rigid geometry can create organic beauty.', '/placeholder.svg?height=400&width=400&text=Structured', 'QmS1T2R3U4C5T6U7R8E9D0H1A2R3M4O5N6Y7S8T9R0U1C2T3U4R5E6D7H8A9R0', 'https://ipfs.io/ipfs/QmMetadata15', 'QmMeta15T2R3U4C5T6U7R8E9D0H1A2R3M4O5N6Y7S8T9R0U1C2T3U4R5E6D7H8A9R0', 'grid', 'harmony', 30303, 3000, 0.03, 'svg', 0.95, 'ETH', 'available', 'Common', '1/1', 987, 56, '1015', '0xf0123456789abcdef123456789abcdef12345678', 'ethereum', '2024-02-22 16:45:00+00', '2024-02-22 18:30:00+00'),
('880e8400-e29b-41d4-a716-446655440016', '550e8400-e29b-41d4-a716-446655440005', '770e8400-e29b-41d4-a716-446655440002', 'Minimal Grid 01', 'The first in a series of minimal grid explorations, focusing on the essential elements of geometric beauty.', '/placeholder.svg?height=400&width=400&text=Minimal+Grid', 'QmM1I2N3I4M5A6L7G8R9I0D1M2I3N4I5M6A7L8G9R0I1D2M3I4N5I6M7A8L9G0', 'https://ipfs.io/ipfs/QmMetadata16', 'QmMeta16I2N3I4M5A6L7G8R9I0D1M2I3N4I5M6A7L8G9R0I1D2M3I4N5I6M7A8L9G0', 'grid', 'minimal', 40404, 2500, 0.02, 'svg', 0.89, 'ETH', 'available', 'Common', '1/1', 876, 43, '1016', '0x10123456789abcdef123456789abcdef123456789', 'ethereum', '2024-02-25 12:10:00+00', '2024-02-25 13:55:00+00');

-- Insert Artwork Likes
INSERT INTO artwork_likes (artwork_id, user_id) VALUES
('880e8400-e29b-41d4-a716-446655440001', '660e8400-e29b-41d4-a716-446655440001'),
('880e8400-e29b-41d4-a716-446655440001', '660e8400-e29b-41d4-a716-446655440002'),
('880e8400-e29b-41d4-a716-446655440001', '660e8400-e29b-41d4-a716-446655440003'),
('880e8400-e29b-41d4-a716-446655440002', '660e8400-e29b-41d4-a716-446655440001'),
('880e8400-e29b-41d4-a716-446655440002', '660e8400-e29b-41d4-a716-446655440004'),
('880e8400-e29b-41d4-a716-446655440003', '660e8400-e29b-41d4-a716-446655440002'),
('880e8400-e29b-41d4-a716-446655440003', '660e8400-e29b-41d4-a716-446655440005'),
('880e8400-e29b-41d4-a716-446655440004', '660e8400-e29b-41d4-a716-446655440003'),
('880e8400-e29b-41d4-a716-446655440005', '660e8400-e29b-41d4-a716-446655440001'),
('880e8400-e29b-41d4-a716-446655440005', '660e8400-e29b-41d4-a716-446655440004'),
('880e8400-e29b-41d4-a716-446655440006', '660e8400-e29b-41d4-a716-446655440002'),
('880e8400-e29b-41d4-a716-446655440007', '660e8400-e29b-41d4-a716-446655440003'),
('880e8400-e29b-41d4-a716-446655440008', '660e8400-e29b-41d4-a716-446655440005'),
('880e8400-e29b-41d4-a716-446655440009', '660e8400-e29b-41d4-a716-446655440001'),
('880e8400-e29b-41d4-a716-446655440010', '660e8400-e29b-41d4-a716-446655440004'),
('880e8400-e29b-41d4-a716-446655440011', '660e8400-e29b-41d4-a716-446655440002'),
('880e8400-e29b-41d4-a716-446655440012', '660e8400-e29b-41d4-a716-446655440005'),
('880e8400-e29b-41d4-a716-446655440013', '660e8400-e29b-41d4-a716-446655440003'),
('880e8400-e29b-41d4-a716-446655440014', '660e8400-e29b-41d4-a716-446655440001'),
('880e8400-e29b-41d4-a716-446655440015', '660e8400-e29b-41d4-a716-446655440004'),
('880e8400-e29b-41d4-a716-446655440016', '660e8400-e29b-41d4-a716-446655440002'),
('880e8400-e29b-41d4-a716-446655440001', '660e8400-e29b-41d4-a716-446655440005'),
('880e8400-e29b-41d4-a716-446655440002', '660e8400-e29b-41d4-a716-446655440003'),
('880e8400-e29b-41d4-a716-446655440003', '660e8400-e29b-41d4-a716-446655440001'),
('880e8400-e29b-41d4-a716-446655440004', '660e8400-e29b-41d4-a716-446655440004');

-- Insert Artwork Views (sample data)
INSERT INTO artwork_views (artwork_id, user_id, ip_address) VALUES
('880e8400-e29b-41d4-a716-446655440001', '660e8400-e29b-41d4-a716-446655440001', '192.168.1.100'),
('880e8400-e29b-41d4-a716-446655440001', '660e8400-e29b-41d4-a716-446655440002', '10.0.0.50'),
('880e8400-e29b-41d4-a716-446655440001', NULL, '203.0.113.25'),
('880e8400-e29b-41d4-a716-446655440002', '660e8400-e29b-41d4-a716-446655440003', '172.16.0.75'),
('880e8400-e29b-41d4-a716-446655440002', NULL, '198.51.100.150'),
('880e8400-e29b-41d4-a716-446655440003', '660e8400-e29b-41d4-a716-446655440004', '192.0.2.200');

-- Insert Follows
INSERT INTO follows (follower_id, following_id) VALUES
('660e8400-e29b-41d4-a716-446655440001', '550e8400-e29b-41d4-a716-446655440001'),
('660e8400-e29b-41d4-a716-446655440001', '550e8400-e29b-41d4-a716-446655440003'),
('660e8400-e29b-41d4-a716-446655440002', '550e8400-e29b-41d4-a716-446655440001'),
('660e8400-e29b-41d4-a716-446655440002', '550e8400-e29b-41d4-a716-446655440002'),
('660e8400-e29b-41d4-a716-446655440003', '550e8400-e29b-41d4-a716-446655440006'),
('660e8400-e29b-41d4-a716-446655440004', '550e8400-e29b-41d4-a716-446655440004'),
('660e8400-e29b-41d4-a716-446655440005', '550e8400-e29b-41d4-a716-446655440001'),
('660e8400-e29b-41d4-a716-446655440005', '550e8400-e29b-41d4-a716-446655440005');

-- Insert Transactions (completed sales)
INSERT INTO transactions (id, artwork_id, seller_id, buyer_id, price, currency, status, tx_hash, block_number, gas_used, gas_price, platform_fee, artist_royalty, completed_at) VALUES
('990e8400-e29b-41d4-a716-446655440001', '880e8400-e29b-41d4-a716-446655440001', '550e8400-e29b-41d4-a716-446655440001', '660e8400-e29b-41d4-a716-446655440001', 7.77, 'ETH', 'completed', '0x1a2b3c4d5e6f7890123456789abcdef1234567890abcdef1234567890abcdef12', 18500000, 150000, 0.000000020, 0.1944, 0.3885, '2024-01-15 14:30:00+00'),
('990e8400-e29b-41d4-a716-446655440002', '880e8400-e29b-41d4-a716-446655440004', '550e8400-e29b-41d4-a716-446655440002', '660e8400-e29b-41d4-a716-446655440003', 2.90, 'ETH', 'completed', '0x2b3c4d5e6f7890123456789abcdef1234567890abcdef1234567890abcdef123', 18501250, 125000, 0.000000018, 0.0725, 0.145, '2024-01-25 16:45:00+00'),
('990e8400-e29b-41d4-a716-446655440003', '880e8400-e29b-41d4-a716-446655440008', '550e8400-e29b-41d4-a716-446655440001', '660e8400-e29b-41d4-a716-446655440005', 1.89, 'ETH', 'completed', '0x3c4d5e6f7890123456789abcdef1234567890abcdef1234567890abcdef1234', 18502500, 110000, 0.000000015, 0.04725, 0.0945, '2024-01-28 15:15:00+00');

-- Insert Active Bids
INSERT INTO bids (artwork_id, bidder_id, amount, currency, expires_at, is_active) VALUES
('880e8400-e29b-41d4-a716-446655440002', '660e8400-e29b-41d4-a716-446655440002', 4.80, 'ETH', '2024-03-15 23:59:59+00', true),
('880e8400-e29b-41d4-a716-446655440003', '660e8400-e29b-41d4-a716-446655440004', 3.20, 'ETH', '2024-03-20 23:59:59+00', true),
('880e8400-e29b-41d4-a716-446655440005', '660e8400-e29b-41d4-a716-446655440001', 2.50, 'ETH', '2024-03-10 23:59:59+00', true),
('880e8400-e29b-41d4-a716-446655440007', '660e8400-e29b-41d4-a716-446655440003', 1.75, 'ETH', '2024-03-12 23:59:59+00', true),
('880e8400-e29b-41d4-a716-446655440009', '660e8400-e29b-41d4-a716-446655440005', 1.60, 'ETH', '2024-03-18 23:59:59+00', true),
('880e8400-e29b-41d4-a716-446655440011', '660e8400-e29b-41d4-a716-446655440002', 1.30, 'ETH', '2024-03-25 23:59:59+00', true),
('880e8400-e29b-41d4-a716-446655440013', '660e8400-e29b-41d4-a716-446655440004', 1.00, 'ETH', '2024-03-08 23:59:59+00', true);
